{
    "iterations": 1891,
    "learning_rate": 0.20216370839533443,
    "depth": 4,
    "l2_leaf_reg": 0.9227696912501444
}